flag,polarity,category,GT_positives,Total_predictions,TP,FP,FN,FN_rate,FP_rate,Precision,Recall,F1,cells_where_missed,cells_where_overpredicted
pr_not_aligned_with_issue,red,evaluative,352,427,87,340,265,0.753,0.796,0.204,0.247,0.223,16,16
missing_or_inadequate_test_cases,red,evaluative,1316,612,365,247,951,0.723,0.404,0.596,0.277,0.379,12,7
low_contributor_acceptance_rate,red,extractive,220,381,190,191,30,0.136,0.501,0.499,0.864,0.632,0,5
negative_sentiment_in_comments,red,evaluative,252,257,66,191,186,0.738,0.743,0.257,0.262,0.259,14,15
large_number_of_changed_lines,red,extractive,160,354,86,268,74,0.463,0.757,0.243,0.537,0.335,6,11
unclear_or_missing_pr_title,red,evaluative,636,210,55,155,581,0.914,0.738,0.262,0.086,0.13,16,16
unclear_or_missing_pr_description,red,evaluative,1828,468,246,222,1582,0.865,0.474,0.526,0.135,0.214,16,7
unclear_or_missing_commit_messages,red,evaluative,952,422,163,259,789,0.829,0.614,0.386,0.171,0.237,16,11
poor_code_quality,red,evaluative,64,98,2,96,62,0.969,0.98,0.02,0.031,0.025,16,14
unresponsive_after_feedback,red,evaluative,176,170,45,125,131,0.744,0.735,0.265,0.256,0.26,14,12
fails_tests,red,evaluative,64,64,7,57,57,0.891,0.891,0.109,0.109,0.109,16,15
breaks_compatibility,red,evaluative,176,92,38,54,138,0.784,0.587,0.413,0.216,0.284,14,12
solution_incorrect_or_inefficient,red,evaluative,604,278,139,139,465,0.77,0.5,0.5,0.23,0.315,16,8
overengineered_solution,red,evaluative,96,19,0,19,96,1.0,1.0,0.0,0.0,,16,8
clear_alignment_with_issue,green,evaluative,4348,4377,4057,320,291,0.067,0.073,0.927,0.933,0.93,0,0
includes_test_cases,green,evaluative,2264,2732,2026,706,238,0.105,0.258,0.742,0.895,0.811,0,0
high_contributor_acceptance_rate,green,extractive,3316,3841,3303,538,13,0.004,0.14,0.86,0.996,0.923,0,0
positive_sentiment_in_comments,green,evaluative,1672,1778,892,886,780,0.467,0.498,0.502,0.533,0.517,5,7
manageable_number_of_changed_lines,green,extractive,4444,4450,4256,194,188,0.042,0.044,0.956,0.958,0.957,0,0
clear_pr_title,green,evaluative,4112,4099,3584,515,528,0.128,0.126,0.874,0.872,0.873,0,0
clear_pr_description,green,evaluative,2952,3563,2393,1170,559,0.189,0.328,0.672,0.811,0.735,1,0
clear_commit_message,green,evaluative,3764,3561,2926,635,838,0.223,0.178,0.822,0.777,0.799,0,0
good_code_quality,green,evaluative,208,2259,105,2154,103,0.495,0.954,0.046,0.505,0.085,7,16
responsive_to_feedback,green,evaluative,1656,1608,991,617,665,0.402,0.384,0.616,0.598,0.607,4,1
