flag_a,flag_b,relation,n_a,n_b,n_both,r
unclear_or_missing_pr_description,clear_pr_description,opposite,115,182,0,-0.9792
unclear_or_missing_commit_messages,clear_commit_message,opposite,59,234,0,-0.9317
unclear_or_missing_pr_title,clear_pr_title,opposite,36,259,0,-0.9281
pr_not_aligned_with_issue,clear_alignment_with_issue,opposite,22,273,0,-0.8945
large_number_of_changed_lines,manageable_number_of_changed_lines,opposite,10,278,0,-0.6601
missing_or_inadequate_test_cases,includes_test_cases,opposite,81,142,3,-0.5314
low_contributor_acceptance_rate,high_contributor_acceptance_rate,opposite,14,208,0,-0.3327
unclear_or_missing_pr_description,clear_pr_title,other,115,259,85,-0.2851
solution_incorrect_or_inefficient,positive_sentiment_in_comments,other,38,105,0,-0.2795
unclear_or_missing_pr_title,unclear_or_missing_pr_description,other,36,115,27,0.2785
clear_pr_title,clear_pr_description,other,259,182,171,0.2756
unclear_or_missing_pr_title,clear_pr_description,other,36,182,9,-0.2696
negative_sentiment_in_comments,breaks_compatibility,other,16,11,4,0.2694
pr_not_aligned_with_issue,clear_commit_message,other,22,234,9,-0.2519
pr_not_aligned_with_issue,unclear_or_missing_commit_messages,other,22,59,12,0.2469
large_number_of_changed_lines,overengineered_solution,other,10,6,2,0.2388
unclear_or_missing_pr_title,unclear_or_missing_commit_messages,other,36,59,16,0.2302
clear_alignment_with_issue,clear_commit_message,other,273,234,221,0.2266
unclear_or_missing_commit_messages,clear_alignment_with_issue,other,59,273,46,-0.2253
unclear_or_missing_pr_title,clear_commit_message,other,36,234,19,-0.2248
includes_test_cases,clear_pr_title,other,142,259,134,0.2217
positive_sentiment_in_comments,clear_commit_message,other,105,234,95,0.221
overengineered_solution,clear_pr_title,other,6,259,2,-0.2204
high_contributor_acceptance_rate,positive_sentiment_in_comments,other,208,105,87,0.2152
low_contributor_acceptance_rate,unresponsive_after_feedback,other,14,11,3,0.2091
unclear_or_missing_pr_title,includes_test_cases,other,36,142,7,-0.2063
unclear_or_missing_commit_messages,positive_sentiment_in_comments,other,59,105,9,-0.2048
solution_incorrect_or_inefficient,high_contributor_acceptance_rate,other,38,208,17,-0.2031
clear_alignment_with_issue,clear_pr_description,other,273,182,174,0.1998
unclear_or_missing_commit_messages,clear_pr_title,other,59,259,43,-0.1938
pr_not_aligned_with_issue,clear_pr_description,other,22,182,6,-0.1923
clear_pr_title,clear_commit_message,other,259,234,210,0.1869
unclear_or_missing_commit_messages,clear_pr_description,other,59,182,25,-0.1853
unclear_or_missing_pr_description,clear_alignment_with_issue,other,115,273,97,-0.1833
clear_pr_description,clear_commit_message,other,182,234,153,0.1819
unclear_or_missing_pr_description,unclear_or_missing_commit_messages,other,115,59,33,0.1791
negative_sentiment_in_comments,solution_incorrect_or_inefficient,other,16,38,6,0.1772
unclear_or_missing_pr_description,clear_commit_message,other,115,234,79,-0.1771
negative_sentiment_in_comments,positive_sentiment_in_comments,opposite,16,105,0,-0.1742
pr_not_aligned_with_issue,unclear_or_missing_pr_description,other,22,115,15,0.1727
unclear_or_missing_pr_title,overengineered_solution,other,36,6,3,0.1671
missing_or_inadequate_test_cases,unresponsive_after_feedback,other,81,11,7,0.161
pr_not_aligned_with_issue,negative_sentiment_in_comments,other,22,16,4,0.1609
solution_incorrect_or_inefficient,clear_alignment_with_issue,other,38,273,30,-0.1604
clear_alignment_with_issue,positive_sentiment_in_comments,other,273,105,102,0.1575
positive_sentiment_in_comments,good_code_quality,other,105,13,9,0.1527
low_contributor_acceptance_rate,clear_alignment_with_issue,other,14,273,10,-0.1513
large_number_of_changed_lines,clear_pr_description,other,10,182,10,0.1495
manageable_number_of_changed_lines,clear_pr_description,other,278,182,163,-0.148
large_number_of_changed_lines,unclear_or_missing_pr_description,other,10,115,0,-0.1464
unclear_or_missing_pr_description,includes_test_cases,other,115,142,44,-0.1433
unclear_or_missing_pr_description,manageable_number_of_changed_lines,other,115,278,112,0.1429
overengineered_solution,manageable_number_of_changed_lines,other,6,278,4,-0.1425
unresponsive_after_feedback,responsive_to_feedback,opposite,11,104,0,-0.1421
unclear_or_missing_pr_title,positive_sentiment_in_comments,other,36,105,6,-0.1419
includes_test_cases,clear_pr_description,other,142,182,96,0.1347
unclear_or_missing_commit_messages,includes_test_cases,other,59,142,20,-0.1331
includes_test_cases,clear_commit_message,other,142,234,119,0.1328
negative_sentiment_in_comments,clear_alignment_with_issue,other,16,273,12,-0.1327
unclear_or_missing_pr_title,high_contributor_acceptance_rate,other,36,208,19,-0.1326
pr_not_aligned_with_issue,unclear_or_missing_pr_title,other,22,36,6,0.1322
unresponsive_after_feedback,fails_tests,other,11,4,1,0.132
missing_or_inadequate_test_cases,clear_pr_title,other,81,259,64,-0.1296
low_contributor_acceptance_rate,positive_sentiment_in_comments,other,14,105,1,-0.1292
positive_sentiment_in_comments,clear_pr_title,other,105,259,97,0.1292
unresponsive_after_feedback,clear_pr_title,other,11,259,7,-0.1289
pr_not_aligned_with_issue,positive_sentiment_in_comments,other,22,105,3,-0.126
missing_or_inadequate_test_cases,poor_code_quality,other,81,4,3,0.1257
low_contributor_acceptance_rate,breaks_compatibility,other,14,11,2,0.125
pr_not_aligned_with_issue,solution_incorrect_or_inefficient,other,22,38,6,0.1235
missing_or_inadequate_test_cases,negative_sentiment_in_comments,other,81,16,8,0.123
missing_or_inadequate_test_cases,unclear_or_missing_pr_title,other,81,36,15,0.122
large_number_of_changed_lines,includes_test_cases,other,10,142,8,0.1215
clear_alignment_with_issue,high_contributor_acceptance_rate,other,273,208,194,0.1192
includes_test_cases,manageable_number_of_changed_lines,other,142,278,127,-0.1175
unclear_or_missing_pr_description,high_contributor_acceptance_rate,other,115,208,72,-0.115
low_contributor_acceptance_rate,includes_test_cases,other,14,142,3,-0.1148
negative_sentiment_in_comments,unresponsive_after_feedback,other,16,11,2,0.1116
pr_not_aligned_with_issue,clear_pr_title,other,22,259,16,-0.1114
poor_code_quality,includes_test_cases,other,4,142,0,-0.1102
breaks_compatibility,positive_sentiment_in_comments,other,11,105,1,-0.106
unresponsive_after_feedback,positive_sentiment_in_comments,other,11,105,1,-0.106
low_contributor_acceptance_rate,solution_incorrect_or_inefficient,other,14,38,4,0.1058
high_contributor_acceptance_rate,clear_pr_description,other,208,182,133,0.1008
unclear_or_missing_pr_title,clear_alignment_with_issue,other,36,273,30,-0.0989
unresponsive_after_feedback,overengineered_solution,other,11,6,1,0.0988
breaks_compatibility,overengineered_solution,other,11,6,1,0.0988
poor_code_quality,positive_sentiment_in_comments,other,4,105,3,0.0975
positive_sentiment_in_comments,responsive_to_feedback,other,105,104,43,0.0969
negative_sentiment_in_comments,good_code_quality,other,16,13,2,0.0952
poor_code_quality,clear_pr_description,other,4,182,4,0.0936
high_contributor_acceptance_rate,clear_pr_title,other,208,259,184,0.0932
missing_or_inadequate_test_cases,good_code_quality,other,81,13,6,0.0918
unclear_or_missing_pr_title,unresponsive_after_feedback,other,36,11,3,0.0917
unclear_or_missing_pr_description,poor_code_quality,other,115,4,0,-0.0917
pr_not_aligned_with_issue,high_contributor_acceptance_rate,other,22,208,12,-0.0902
positive_sentiment_in_comments,clear_pr_description,other,105,182,70,0.0901
unclear_or_missing_pr_description,positive_sentiment_in_comments,other,115,105,34,-0.0898
high_contributor_acceptance_rate,responsive_to_feedback,other,208,104,78,0.0895
unclear_or_missing_commit_messages,poor_code_quality,other,59,4,2,0.0887
manageable_number_of_changed_lines,clear_commit_message,other,278,234,214,-0.0877
breaks_compatibility,solution_incorrect_or_inefficient,other,11,38,3,0.0857
unresponsive_after_feedback,solution_incorrect_or_inefficient,other,11,38,3,0.0857
low_contributor_acceptance_rate,unclear_or_missing_pr_description,other,14,115,8,0.0856
fails_tests,positive_sentiment_in_comments,other,4,105,0,-0.0853
poor_code_quality,responsive_to_feedback,other,4,104,0,-0.0847
large_number_of_changed_lines,high_contributor_acceptance_rate,other,10,208,9,0.0832
high_contributor_acceptance_rate,clear_commit_message,other,208,234,167,0.0831
unclear_or_missing_commit_messages,breaks_compatibility,other,59,11,4,0.082
breaks_compatibility,responsive_to_feedback,other,11,104,6,0.0815
breaks_compatibility,manageable_number_of_changed_lines,other,11,278,9,-0.0812
pr_not_aligned_with_issue,breaks_compatibility,other,22,11,2,0.0812
solution_incorrect_or_inefficient,good_code_quality,other,38,13,0,-0.0811
low_contributor_acceptance_rate,clear_pr_description,other,14,182,6,-0.0807
includes_test_cases,high_contributor_acceptance_rate,other,142,208,104,0.0803
pr_not_aligned_with_issue,fails_tests,other,22,4,1,0.0788
fails_tests,clear_commit_message,other,4,234,2,-0.0786
poor_code_quality,clear_commit_message,other,4,234,2,-0.0786
unresponsive_after_feedback,includes_test_cases,other,11,142,3,-0.0784
clear_alignment_with_issue,clear_pr_title,other,273,259,238,0.0783
missing_or_inadequate_test_cases,unclear_or_missing_commit_messages,other,81,59,20,0.0769
unclear_or_missing_pr_title,solution_incorrect_or_inefficient,other,36,38,7,0.0753
unclear_or_missing_commit_messages,manageable_number_of_changed_lines,other,59,278,57,0.0748
unclear_or_missing_pr_title,good_code_quality,other,36,13,3,0.0725
negative_sentiment_in_comments,overengineered_solution,other,16,6,1,0.0721
unclear_or_missing_commit_messages,high_contributor_acceptance_rate,other,59,208,37,-0.0711
pr_not_aligned_with_issue,responsive_to_feedback,other,22,104,5,-0.0706
pr_not_aligned_with_issue,manageable_number_of_changed_lines,other,22,278,19,-0.068
breaks_compatibility,clear_commit_message,other,11,234,7,-0.0676
includes_test_cases,responsive_to_feedback,other,142,104,54,0.067
negative_sentiment_in_comments,manageable_number_of_changed_lines,other,16,278,16,0.0668
pr_not_aligned_with_issue,good_code_quality,other,22,13,2,0.0657
fails_tests,clear_alignment_with_issue,other,4,273,3,-0.065
fails_tests,includes_test_cases,other,4,142,3,0.0644
breaks_compatibility,clear_alignment_with_issue,other,11,273,9,-0.0626
large_number_of_changed_lines,breaks_compatibility,other,10,11,1,0.0626
unresponsive_after_feedback,clear_alignment_with_issue,other,11,273,9,-0.0626
unresponsive_after_feedback,high_contributor_acceptance_rate,other,11,208,6,-0.0626
pr_not_aligned_with_issue,low_contributor_acceptance_rate,other,22,14,2,0.059
low_contributor_acceptance_rate,manageable_number_of_changed_lines,other,14,278,12,-0.059
clear_pr_title,good_code_quality,other,259,13,10,-0.0583
clear_alignment_with_issue,responsive_to_feedback,other,273,104,97,0.0578
missing_or_inadequate_test_cases,clear_commit_message,other,81,234,60,-0.0576
unresponsive_after_feedback,breaks_compatibility,other,11,11,1,0.0563
clear_pr_description,responsive_to_feedback,other,182,104,67,0.056
overengineered_solution,includes_test_cases,other,6,142,4,0.0553
unresponsive_after_feedback,manageable_number_of_changed_lines,other,11,278,11,0.0549
overengineered_solution,positive_sentiment_in_comments,other,6,105,1,-0.0549
large_number_of_changed_lines,clear_commit_message,other,10,234,9,0.0538
solution_incorrect_or_inefficient,clear_pr_title,other,38,259,31,-0.0527
good_code_quality,responsive_to_feedback,other,13,104,3,-0.0518
pr_not_aligned_with_issue,overengineered_solution,other,22,6,1,0.0511
unclear_or_missing_commit_messages,overengineered_solution,other,59,6,2,0.0491
missing_or_inadequate_test_cases,responsive_to_feedback,other,81,104,25,-0.0486
high_contributor_acceptance_rate,manageable_number_of_changed_lines,other,208,278,191,-0.0484
clear_alignment_with_issue,good_code_quality,other,273,13,11,-0.0475
low_contributor_acceptance_rate,good_code_quality,other,14,13,0,-0.0471
low_contributor_acceptance_rate,large_number_of_changed_lines,other,14,10,1,0.047
unclear_or_missing_pr_title,fails_tests,other,36,4,1,0.0465
poor_code_quality,clear_pr_title,other,4,259,4,0.0463
clear_alignment_with_issue,manageable_number_of_changed_lines,other,273,278,254,0.0456
large_number_of_changed_lines,unclear_or_missing_commit_messages,other,10,59,1,-0.0452
fails_tests,solution_incorrect_or_inefficient,other,4,38,0,-0.0443
poor_code_quality,solution_incorrect_or_inefficient,other,4,38,0,-0.0443
negative_sentiment_in_comments,large_number_of_changed_lines,other,16,10,0,-0.0441
missing_or_inadequate_test_cases,low_contributor_acceptance_rate,other,81,14,5,0.0434
overengineered_solution,high_contributor_acceptance_rate,other,6,208,5,0.0434
unclear_or_missing_pr_title,poor_code_quality,other,36,4,0,-0.0429
breaks_compatibility,good_code_quality,other,11,13,0,-0.0415
clear_alignment_with_issue,includes_test_cases,other,273,142,131,0.0415
unresponsive_after_feedback,good_code_quality,other,11,13,0,-0.0415
unclear_or_missing_pr_description,responsive_to_feedback,other,115,104,37,-0.0413
missing_or_inadequate_test_cases,breaks_compatibility,other,81,11,4,0.0411
solution_incorrect_or_inefficient,includes_test_cases,other,38,142,16,-0.0399
large_number_of_changed_lines,good_code_quality,other,10,13,0,-0.0395
overengineered_solution,clear_commit_message,other,6,234,4,-0.0391
fails_tests,clear_pr_title,other,4,259,3,-0.0384
overengineered_solution,clear_alignment_with_issue,other,6,273,5,-0.0383
includes_test_cases,good_code_quality,other,142,13,5,-0.0378
includes_test_cases,positive_sentiment_in_comments,other,142,105,47,-0.0378
manageable_number_of_changed_lines,clear_pr_title,other,278,259,239,-0.0375
manageable_number_of_changed_lines,responsive_to_feedback,other,278,104,95,-0.0369
poor_code_quality,clear_alignment_with_issue,other,4,273,4,0.0366
large_number_of_changed_lines,unresponsive_after_feedback,other,10,11,0,-0.0362
negative_sentiment_in_comments,high_contributor_acceptance_rate,other,16,208,10,-0.0352
negative_sentiment_in_comments,clear_pr_title,other,16,259,13,-0.0351
fails_tests,clear_pr_description,other,4,182,3,0.0341
missing_or_inadequate_test_cases,clear_alignment_with_issue,other,81,273,75,0.0338
fails_tests,manageable_number_of_changed_lines,other,4,278,4,0.0327
poor_code_quality,manageable_number_of_changed_lines,other,4,278,4,0.0327
pr_not_aligned_with_issue,poor_code_quality,other,22,4,0,-0.0327
unclear_or_missing_pr_title,responsive_to_feedback,other,36,104,11,-0.0319
unclear_or_missing_pr_description,fails_tests,other,115,4,1,-0.0319
low_contributor_acceptance_rate,overengineered_solution,other,14,6,0,-0.0316
overengineered_solution,good_code_quality,other,6,13,0,-0.0304
solution_incorrect_or_inefficient,manageable_number_of_changed_lines,other,38,278,36,0.0302
missing_or_inadequate_test_cases,large_number_of_changed_lines,other,81,10,2,-0.0293
unclear_or_missing_pr_description,unresponsive_after_feedback,other,115,11,5,0.0286
low_contributor_acceptance_rate,responsive_to_feedback,other,14,104,4,-0.0283
breaks_compatibility,includes_test_cases,other,11,142,6,0.0282
negative_sentiment_in_comments,poor_code_quality,other,16,4,0,-0.0276
negative_sentiment_in_comments,fails_tests,other,16,4,0,-0.0276
pr_not_aligned_with_issue,missing_or_inadequate_test_cases,other,22,81,5,-0.0271
negative_sentiment_in_comments,unclear_or_missing_pr_description,other,16,115,7,0.0264
breaks_compatibility,clear_pr_title,other,11,259,10,0.026
low_contributor_acceptance_rate,poor_code_quality,other,14,4,0,-0.0257
low_contributor_acceptance_rate,fails_tests,other,14,4,0,-0.0257
unclear_or_missing_pr_title,manageable_number_of_changed_lines,other,36,278,34,0.0252
solution_incorrect_or_inefficient,responsive_to_feedback,other,38,104,12,-0.0247
poor_code_quality,good_code_quality,opposite,4,13,0,-0.0247
fails_tests,good_code_quality,other,4,13,0,-0.0247
unresponsive_after_feedback,clear_pr_description,other,11,182,6,-0.0244
breaks_compatibility,high_contributor_acceptance_rate,other,11,208,7,-0.0241
fails_tests,responsive_to_feedback,other,4,104,1,-0.0236
poor_code_quality,unresponsive_after_feedback,other,4,11,0,-0.0227
poor_code_quality,breaks_compatibility,other,4,11,0,-0.0227
fails_tests,breaks_compatibility,other,4,11,0,-0.0227
large_number_of_changed_lines,fails_tests,other,10,4,0,-0.0216
large_number_of_changed_lines,poor_code_quality,other,10,4,0,-0.0216
negative_sentiment_in_comments,clear_pr_description,other,16,182,9,-0.0215
large_number_of_changed_lines,responsive_to_feedback,other,10,104,4,0.0208
missing_or_inadequate_test_cases,overengineered_solution,other,81,6,2,0.0204
large_number_of_changed_lines,clear_pr_title,other,10,259,9,0.0198
large_number_of_changed_lines,positive_sentiment_in_comments,other,10,105,3,-0.0195
solution_incorrect_or_inefficient,clear_pr_description,other,38,182,24,0.0194
pr_not_aligned_with_issue,large_number_of_changed_lines,other,22,10,1,0.019
clear_commit_message,responsive_to_feedback,other,234,104,80,-0.0189
missing_or_inadequate_test_cases,high_contributor_acceptance_rate,other,81,208,55,-0.0189
negative_sentiment_in_comments,clear_commit_message,other,16,234,13,0.0186
unclear_or_missing_commit_messages,good_code_quality,other,59,13,3,0.0183
unresponsive_after_feedback,clear_commit_message,other,11,234,9,0.018
low_contributor_acceptance_rate,negative_sentiment_in_comments,other,14,16,1,0.0178
overengineered_solution,clear_pr_description,other,6,182,4,0.0175
unclear_or_missing_pr_title,breaks_compatibility,other,36,11,1,-0.0175
solution_incorrect_or_inefficient,overengineered_solution,other,38,6,1,0.0172
negative_sentiment_in_comments,includes_test_cases,other,16,142,7,-0.017
missing_or_inadequate_test_cases,solution_incorrect_or_inefficient,other,81,38,11,0.0167
poor_code_quality,overengineered_solution,other,4,6,0,-0.0166
fails_tests,overengineered_solution,other,4,6,0,-0.0166
low_contributor_acceptance_rate,unclear_or_missing_pr_title,other,14,36,2,0.0156
unclear_or_missing_commit_messages,fails_tests,other,59,4,1,0.0156
solution_incorrect_or_inefficient,clear_commit_message,other,38,234,29,-0.0155
pr_not_aligned_with_issue,includes_test_cases,other,22,142,11,0.015
large_number_of_changed_lines,solution_incorrect_or_inefficient,other,10,38,1,-0.0149
unclear_or_missing_pr_description,overengineered_solution,other,115,6,2,-0.0147
poor_code_quality,high_contributor_acceptance_rate,other,4,208,3,0.0143
fails_tests,high_contributor_acceptance_rate,other,4,208,3,0.0143
negative_sentiment_in_comments,responsive_to_feedback,other,16,104,6,0.0141
poor_code_quality,fails_tests,other,4,4,0,-0.0135
unclear_or_missing_commit_messages,solution_incorrect_or_inefficient,other,59,38,8,0.0133
pr_not_aligned_with_issue,unresponsive_after_feedback,other,22,11,1,0.0132
missing_or_inadequate_test_cases,clear_pr_description,other,81,182,50,0.0132
breaks_compatibility,clear_pr_description,other,11,182,7,0.0119
unclear_or_missing_pr_description,solution_incorrect_or_inefficient,other,115,38,14,-0.0117
large_number_of_changed_lines,unclear_or_missing_pr_title,other,10,36,1,-0.0114
low_contributor_acceptance_rate,unclear_or_missing_commit_messages,other,14,59,3,0.0098
unclear_or_missing_commit_messages,responsive_to_feedback,other,59,104,21,0.0096
positive_sentiment_in_comments,manageable_number_of_changed_lines,other,105,278,97,-0.008
unclear_or_missing_pr_description,breaks_compatibility,other,115,11,4,-0.0079
unclear_or_missing_commit_messages,unresponsive_after_feedback,other,59,11,2,-0.0073
large_number_of_changed_lines,clear_alignment_with_issue,other,10,273,9,-0.0065
negative_sentiment_in_comments,unclear_or_missing_commit_messages,other,16,59,3,-0.0055
clear_commit_message,good_code_quality,other,234,13,10,-0.0055
missing_or_inadequate_test_cases,positive_sentiment_in_comments,other,81,105,28,-0.0055
missing_or_inadequate_test_cases,fails_tests,other,81,4,1,-0.0052
clear_pr_title,responsive_to_feedback,other,259,104,90,0.0044
low_contributor_acceptance_rate,clear_pr_title,other,14,259,12,-0.004
overengineered_solution,responsive_to_feedback,other,6,104,2,-0.004
clear_pr_description,good_code_quality,other,182,13,8,0.0038
negative_sentiment_in_comments,unclear_or_missing_pr_title,other,16,36,2,0.0037
low_contributor_acceptance_rate,clear_commit_message,other,14,234,11,0.0031
manageable_number_of_changed_lines,good_code_quality,other,278,13,12,-0.0029
missing_or_inadequate_test_cases,manageable_number_of_changed_lines,other,81,278,75,-0.0017
missing_or_inadequate_test_cases,unclear_or_missing_pr_description,other,81,115,31,-0.0008
unclear_or_missing_pr_description,good_code_quality,other,115,13,5,0.0006
high_contributor_acceptance_rate,good_code_quality,other,208,13,9,-0.0005
