,pr_not_aligned_with_issue,missing_or_inadequate_test_cases,low_contributor_acceptance_rate,negative_sentiment_in_comments,large_number_of_changed_lines,unclear_or_missing_pr_title,unclear_or_missing_pr_description,unclear_or_missing_commit_messages,poor_code_quality,unresponsive_after_feedback,fails_tests,breaks_compatibility,solution_incorrect_or_inefficient,overengineered_solution,clear_alignment_with_issue,includes_test_cases,high_contributor_acceptance_rate,positive_sentiment_in_comments,manageable_number_of_changed_lines,clear_pr_title,clear_pr_description,clear_commit_message,good_code_quality,responsive_to_feedback
pr_not_aligned_with_issue,1.0,-0.0271,0.059,0.1609,0.019,0.1322,0.1727,0.2469,-0.0327,0.0132,0.0788,0.0812,0.1235,0.0511,-0.8945,0.015,-0.0902,-0.126,-0.068,-0.1114,-0.1923,-0.2519,0.0657,-0.0706
missing_or_inadequate_test_cases,-0.0271,1.0,0.0434,0.123,-0.0293,0.122,-0.0008,0.0769,0.1257,0.161,-0.0052,0.0411,0.0167,0.0204,0.0338,-0.5314,-0.0189,-0.0055,-0.0017,-0.1296,0.0132,-0.0576,0.0918,-0.0486
low_contributor_acceptance_rate,0.059,0.0434,1.0,0.0178,0.047,0.0156,0.0856,0.0098,-0.0257,0.2091,-0.0257,0.125,0.1058,-0.0316,-0.1513,-0.1148,-0.3327,-0.1292,-0.059,-0.004,-0.0807,0.0031,-0.0471,-0.0283
negative_sentiment_in_comments,0.1609,0.123,0.0178,1.0,-0.0441,0.0037,0.0264,-0.0055,-0.0276,0.1116,-0.0276,0.2694,0.1772,0.0721,-0.1327,-0.017,-0.0352,-0.1742,0.0668,-0.0351,-0.0215,0.0186,0.0952,0.0141
large_number_of_changed_lines,0.019,-0.0293,0.047,-0.0441,1.0,-0.0114,-0.1464,-0.0452,-0.0216,-0.0362,-0.0216,0.0626,-0.0149,0.2388,-0.0065,0.1215,0.0832,-0.0195,-0.6601,0.0198,0.1495,0.0538,-0.0395,0.0208
unclear_or_missing_pr_title,0.1322,0.122,0.0156,0.0037,-0.0114,1.0,0.2785,0.2302,-0.0429,0.0917,0.0465,-0.0175,0.0753,0.1671,-0.0989,-0.2063,-0.1326,-0.1419,0.0252,-0.9281,-0.2696,-0.2248,0.0725,-0.0319
unclear_or_missing_pr_description,0.1727,-0.0008,0.0856,0.0264,-0.1464,0.2785,1.0,0.1791,-0.0917,0.0286,-0.0319,-0.0079,-0.0117,-0.0147,-0.1833,-0.1433,-0.115,-0.0898,0.1429,-0.2851,-0.9792,-0.1771,0.0006,-0.0413
unclear_or_missing_commit_messages,0.2469,0.0769,0.0098,-0.0055,-0.0452,0.2302,0.1791,1.0,0.0887,-0.0073,0.0156,0.082,0.0133,0.0491,-0.2253,-0.1331,-0.0711,-0.2048,0.0748,-0.1938,-0.1853,-0.9317,0.0183,0.0096
poor_code_quality,-0.0327,0.1257,-0.0257,-0.0276,-0.0216,-0.0429,-0.0917,0.0887,1.0,-0.0227,-0.0135,-0.0227,-0.0443,-0.0166,0.0366,-0.1102,0.0143,0.0975,0.0327,0.0463,0.0936,-0.0786,-0.0247,-0.0847
unresponsive_after_feedback,0.0132,0.161,0.2091,0.1116,-0.0362,0.0917,0.0286,-0.0073,-0.0227,1.0,0.132,0.0563,0.0857,0.0988,-0.0626,-0.0784,-0.0626,-0.106,0.0549,-0.1289,-0.0244,0.018,-0.0415,-0.1421
fails_tests,0.0788,-0.0052,-0.0257,-0.0276,-0.0216,0.0465,-0.0319,0.0156,-0.0135,0.132,1.0,-0.0227,-0.0443,-0.0166,-0.065,0.0644,0.0143,-0.0853,0.0327,-0.0384,0.0341,-0.0786,-0.0247,-0.0236
breaks_compatibility,0.0812,0.0411,0.125,0.2694,0.0626,-0.0175,-0.0079,0.082,-0.0227,0.0563,-0.0227,1.0,0.0857,0.0988,-0.0626,0.0282,-0.0241,-0.106,-0.0812,0.026,0.0119,-0.0676,-0.0415,0.0815
solution_incorrect_or_inefficient,0.1235,0.0167,0.1058,0.1772,-0.0149,0.0753,-0.0117,0.0133,-0.0443,0.0857,-0.0443,0.0857,1.0,0.0172,-0.1604,-0.0399,-0.2031,-0.2795,0.0302,-0.0527,0.0194,-0.0155,-0.0811,-0.0247
overengineered_solution,0.0511,0.0204,-0.0316,0.0721,0.2388,0.1671,-0.0147,0.0491,-0.0166,0.0988,-0.0166,0.0988,0.0172,1.0,-0.0383,0.0553,0.0434,-0.0549,-0.1425,-0.2204,0.0175,-0.0391,-0.0304,-0.004
clear_alignment_with_issue,-0.8945,0.0338,-0.1513,-0.1327,-0.0065,-0.0989,-0.1833,-0.2253,0.0366,-0.0626,-0.065,-0.0626,-0.1604,-0.0383,1.0,0.0415,0.1192,0.1575,0.0456,0.0783,0.1998,0.2266,-0.0475,0.0578
includes_test_cases,0.015,-0.5314,-0.1148,-0.017,0.1215,-0.2063,-0.1433,-0.1331,-0.1102,-0.0784,0.0644,0.0282,-0.0399,0.0553,0.0415,1.0,0.0803,-0.0378,-0.1175,0.2217,0.1347,0.1328,-0.0378,0.067
high_contributor_acceptance_rate,-0.0902,-0.0189,-0.3327,-0.0352,0.0832,-0.1326,-0.115,-0.0711,0.0143,-0.0626,0.0143,-0.0241,-0.2031,0.0434,0.1192,0.0803,1.0,0.2152,-0.0484,0.0932,0.1008,0.0831,-0.0005,0.0895
positive_sentiment_in_comments,-0.126,-0.0055,-0.1292,-0.1742,-0.0195,-0.1419,-0.0898,-0.2048,0.0975,-0.106,-0.0853,-0.106,-0.2795,-0.0549,0.1575,-0.0378,0.2152,1.0,-0.008,0.1292,0.0901,0.221,0.1527,0.0969
manageable_number_of_changed_lines,-0.068,-0.0017,-0.059,0.0668,-0.6601,0.0252,0.1429,0.0748,0.0327,0.0549,0.0327,-0.0812,0.0302,-0.1425,0.0456,-0.1175,-0.0484,-0.008,1.0,-0.0375,-0.148,-0.0877,-0.0029,-0.0369
clear_pr_title,-0.1114,-0.1296,-0.004,-0.0351,0.0198,-0.9281,-0.2851,-0.1938,0.0463,-0.1289,-0.0384,0.026,-0.0527,-0.2204,0.0783,0.2217,0.0932,0.1292,-0.0375,1.0,0.2756,0.1869,-0.0583,0.0044
clear_pr_description,-0.1923,0.0132,-0.0807,-0.0215,0.1495,-0.2696,-0.9792,-0.1853,0.0936,-0.0244,0.0341,0.0119,0.0194,0.0175,0.1998,0.1347,0.1008,0.0901,-0.148,0.2756,1.0,0.1819,0.0038,0.056
clear_commit_message,-0.2519,-0.0576,0.0031,0.0186,0.0538,-0.2248,-0.1771,-0.9317,-0.0786,0.018,-0.0786,-0.0676,-0.0155,-0.0391,0.2266,0.1328,0.0831,0.221,-0.0877,0.1869,0.1819,1.0,-0.0055,-0.0189
good_code_quality,0.0657,0.0918,-0.0471,0.0952,-0.0395,0.0725,0.0006,0.0183,-0.0247,-0.0415,-0.0247,-0.0415,-0.0811,-0.0304,-0.0475,-0.0378,-0.0005,0.1527,-0.0029,-0.0583,0.0038,-0.0055,1.0,-0.0518
responsive_to_feedback,-0.0706,-0.0486,-0.0283,0.0141,0.0208,-0.0319,-0.0413,0.0096,-0.0847,-0.1421,-0.0236,0.0815,-0.0247,-0.004,0.0578,0.067,0.0895,0.0969,-0.0369,0.0044,0.056,-0.0189,-0.0518,1.0
