flag,polarity,category,count,prevalence,F1_always_yes,F1_majority
pr_not_aligned_with_issue,red,evaluative,22,0.0733,0.1366,0.0
missing_or_inadequate_test_cases,red,evaluative,81,0.27,0.4252,0.0
low_contributor_acceptance_rate,red,extractive,14,0.0467,0.0892,0.0
negative_sentiment_in_comments,red,evaluative,16,0.0533,0.1013,0.0
large_number_of_changed_lines,red,extractive,10,0.0333,0.0645,0.0
unclear_or_missing_pr_title,red,evaluative,36,0.12,0.2143,0.0
unclear_or_missing_pr_description,red,evaluative,115,0.3833,0.5542,0.0
unclear_or_missing_commit_messages,red,evaluative,59,0.1967,0.3287,0.0
poor_code_quality,red,evaluative,4,0.0133,0.0263,0.0
unresponsive_after_feedback,red,evaluative,11,0.0367,0.0707,0.0
fails_tests,red,evaluative,4,0.0133,0.0263,0.0
breaks_compatibility,red,evaluative,11,0.0367,0.0707,0.0
solution_incorrect_or_inefficient,red,evaluative,38,0.1267,0.2249,0.0
overengineered_solution,red,evaluative,6,0.02,0.0392,0.0
clear_alignment_with_issue,green,evaluative,273,0.91,0.9529,0.9529
includes_test_cases,green,evaluative,142,0.4733,0.6425,0.0
high_contributor_acceptance_rate,green,extractive,208,0.6933,0.8189,0.8189
positive_sentiment_in_comments,green,evaluative,105,0.35,0.5185,0.0
manageable_number_of_changed_lines,green,extractive,278,0.9267,0.9619,0.9619
clear_pr_title,green,evaluative,259,0.8633,0.9267,0.9267
clear_pr_description,green,evaluative,182,0.6067,0.7552,0.7552
clear_commit_message,green,evaluative,234,0.78,0.8764,0.8764
good_code_quality,green,evaluative,13,0.0433,0.0831,0.0
responsive_to_feedback,green,evaluative,104,0.3467,0.5149,0.0
